{"cameraMode":{"drawMode":0,"name":"Shaded","section":"Shading Mode"},"sceneLighting":false,"audioPlay":false,"sceneViewState":{"showFog":true,"showMaterialUpdate":false,"showSkybox":false,"showFlares":true,"showImageEffects":true,"showParticleSystems":true},"in2DMode":false,"pivot":{"x":0.00028884410858154297,"y":0.7876560688018799,"z":0.0},"rotation":{"x":-0.0805305540561676,"y":0.9150651097297669,"z":-0.2286020666360855,"w":-0.3223535716533661},"size":3.4254648685455324,"orthographic":false}