{"cameraMode":{"drawMode":0,"name":"Shaded","section":"Shading Mode"},"sceneLighting":true,"audioPlay":false,"sceneViewState":{"showFog":true,"showMaterialUpdate":false,"showSkybox":true,"showFlares":true,"showImageEffects":true,"showParticleSystems":true},"in2DMode":false,"pivot":{"x":0.1444140374660492,"y":-0.5187497138977051,"z":-1.5395301580429078},"rotation":{"x":-0.0805305540561676,"y":0.9150651097297669,"z":-0.2286020666360855,"w":-0.3223535716533661},"size":13.900899887084961,"orthographic":false}