{"cameraMode":{"drawMode":0,"name":"Shaded","section":"Shading Mode"},"sceneLighting":false,"audioPlay":false,"sceneViewState":{"showFog":true,"showMaterialUpdate":false,"showSkybox":true,"showFlares":true,"showImageEffects":true,"showParticleSystems":true},"in2DMode":false,"pivot":{"x":0.7630338668823242,"y":-1.3504981994628907,"z":3.1556875705718996},"rotation":{"x":-0.426287442445755,"y":0.5644513368606567,"z":-0.4273262619972229,"w":-0.5630861520767212},"size":32.24489974975586,"orthographic":false}