{"cameraMode":{"drawMode":0,"name":"Shaded","section":"Shading Mode"},"sceneLighting":false,"audioPlay":false,"sceneViewState":{"showFog":true,"showMaterialUpdate":false,"showSkybox":true,"showFlares":true,"showImageEffects":true,"showParticleSystems":true},"in2DMode":false,"pivot":{"x":-0.6128010749816895,"y":-22.878908157348634,"z":36.110755920410159},"rotation":{"x":-0.23932510614395142,"y":0.03261462226510048,"z":-0.008043930865824223,"w":-0.9703582525253296},"size":56.522361755371097,"orthographic":false}