{"cameraMode":{"drawMode":0,"name":"Shaded","section":"Shading Mode"},"sceneLighting":false,"audioPlay":false,"sceneViewState":{"showFog":true,"showMaterialUpdate":false,"showSkybox":true,"showFlares":true,"showImageEffects":true,"showParticleSystems":true},"in2DMode":false,"pivot":{"x":0.02169972099363804,"y":-0.9694066047668457,"z":0.3755607604980469},"rotation":{"x":0.00048573140520602465,"y":0.9628812074661255,"z":-0.2699194848537445,"w":0.0017338483594357968},"size":8.6014404296875,"orthographic":false}